"ons_code","year","region","class","adults_65_pc","adults_us6_learning_pc","adults_u65_mental_pc","adults_u65_other_pc","adults_u65_physical_pc","adults_u65_social_care_pc"
"E06000001",2009,"NE","UA",1574.08,200.492,64.4633,4.10557,69.6975,7.54958
"E06000001",2010,"NE","UA",1537.79,201.916,67.2229,42.9422,69.0454,7.84046
"E06000001",2011,"NE","UA",1541.81,186.004,60.1306,40.9914,67.4147,2.99167
"E06000001",2012,"NE","UA",1647.55,191.372,59.7108,50.7974,67.3378,12.5891
"E06000001",2013,"NE","UA",1616.25,237.216,67.8175,0,70.0829,0.0906166
"E06000002",2009,"NE","UA",1583.38,243.301,87.5761,27.4839,96.0278,21.5945
"E06000002",2010,"NE","UA",1514.63,238.52,83.4564,23.0773,89.9593,18.253
"E06000002",2011,"NE","UA",1490.54,251.341,83.0237,20.0306,93.0511,6.21555
"E06000002",2012,"NE","UA",1431.03,221.603,82.7296,15.7461,76.8203,3.80819
"E06000002",2013,"NE","UA",1380.88,220.376,73.5334,6.18495,74.3731,2.75543
"E06000003",2009,"NE","UA",1436.45,192.08,63.8809,0.556638,75.1727,3.75068
"E06000003",2010,"NE","UA",1296.79,244.697,72.024,-0.0390515,85.9133,7.04228
"E06000003",2011,"NE","UA",918.846,255.387,58.2698,22.0762,70.703,6.51871
"E06000003",2012,"NE","UA",915.697,198.775,51.8622,0,57.4271,3.53083
"E06000003",2013,"NE","UA",792.885,206.463,64.4744,0,57.1012,3.96041
"E06000004",2009,"NE","UA",1258.38,158.785,40.3273,37.3279,60.1709,8.9982
"E06000004",2010,"NE","UA",1269.67,152.785,42.9475,34.9577,58.2955,6.25484
"E06000004",2011,"NE","UA",1216.68,162.433,42.2836,36.5597,49.7177,2.9143
"E06000004",2012,"NE","UA",1099.49,141.859,32.2873,55.4752,57.526,4.67032
"E06000004",2013,"NE","UA",1057.15,139.903,30.6497,7.51736,56.2906,4.71861
"E06000005",2009,"NE","UA",1318.71,192.71,33.9897,8.51439,74.3907,2.27277
"E06000005",2010,"NE","UA",1321.47,203.738,33.0801,14.6141,73.6491,2.03341
"E06000005",2011,"NE","UA",1253.74,210.819,33.5848,12.8035,69.688,1.2836
"E06000005",2012,"NE","UA",1189.96,205.134,30.8454,8.12828,64.7834,1.3763
"E06000005",2013,"NE","UA",1165.86,184.595,33.684,5.3329,65.842,1.52598
"E06000006",2009,"NW","UA",1313.46,220.857,56.6018,23.4531,71.5278,3.19941
"E06000006",2010,"NW","UA",1446.06,215.686,55.6725,20.8519,79.7096,3.7115
"E06000006",2011,"NW","UA",1431.43,209.458,55.5456,39.2568,79.2133,4.5672
"E06000006",2012,"NW","UA",1088.82,205.074,52.6561,3.22786,65.8037,41.8441
"E06000006",2013,"NW","UA",1444.44,245.755,59.4709,20.6895,94.8584,4.26843
"E06000007",2009,"NW","UA",1406.72,183.308,54.9249,2.60435,64.0445,3.53015
"E06000007",2010,"NW","UA",1423.63,181.492,58.9715,0,61.003,5.14188
"E06000007",2011,"NW","UA",1375.58,180.227,55.9394,1.91415,52.0286,4.05107
"E06000007",2012,"NW","UA",1273.95,189.676,53.1813,1.63183,42.9579,4.21828
"E06000007",2013,"NW","UA",1191.13,189.941,50.7399,0.257481,42.235,4.96456
"E06000008",2009,"NW","UA",1607.19,186.249,58.8597,0,61.0275,35.1721
"E06000008",2010,"NW","UA",1396.95,176.022,62.5244,14.5689,63.3528,27.0548
"E06000008",2011,"NW","UA",1397.09,153.465,59.9641,11.9164,53.2242,20.2544
"E06000008",2012,"NW","UA",1175.59,168.569,94.5853,3.30549,52.4976,21.4972
"E06000008",2013,"NW","UA",1012.34,164.573,117.219,3.69878,55.516,19.841
"E06000009",2009,"NW","UA",1286.45,146.63,60.4294,18.3271,89.5771,2.74907
"E06000009",2010,"NW","UA",1280.91,196.735,58.6183,14.0262,64.1478,0.306517
"E06000009",2011,"NW","UA",1222.56,201.825,60.3401,19.2642,61.626,2.00163
"E06000009",2012,"NW","UA",1171.03,193.019,60.5709,16.9719,58.0758,1.32593
"E06000009",2013,"NW","UA",1182.88,200.024,68.5374,14.3612,51.8567,0.745102
"E06000010",2009,"YH","UA",1684.04,170.303,45.3587,4.68957,53.2597,17.8688
"E06000010",2010,"YH","UA",1658.65,175.105,41.2135,3.95093,40.9326,8.53375
"E06000010",2011,"YH","UA",1738.03,150.172,40.5835,3.04534,61.5737,10.6964
"E06000010",2012,"YH","UA",1654.83,166.631,42.8588,1.33721,72.8408,7.54037
"E06000010",2013,"YH","UA",1534.26,152.816,37.5005,2.47627,58.2693,3.72977
"E06000011",2009,"YH","UA",1041.31,144.495,31.6682,7.00178,49.5557,0.624674
"E06000011",2010,"YH","UA",1054,147.576,30.6624,5.82117,50.7753,0.495759
"E06000011",2011,"YH","UA",1009.07,149.398,28.5287,4.47663,48.2195,0.472329
"E06000011",2012,"YH","UA",1013.84,151.608,29.0296,4.01812,54.9074,0
"E06000011",2013,"YH","UA",991.025,149.342,33.8833,6.57367,57.7942,0
"E06000012",2009,"YH","UA",1246.97,111.503,37.5572,29.6794,50.6382,7.21476
"E06000012",2010,"YH","UA",1499.08,162.62,49.0228,12.4366,57.5113,2.51146
"E06000012",2011,"YH","UA",1163.89,163.976,47.3817,15.3389,61.0437,4.52534
"E06000012",2012,"YH","UA",1100.05,155.13,41.9187,9.70231,57.0385,0.844144
"E06000012",2013,"YH","UA",949.896,166.13,66.4053,11.3437,58.3436,3.47321
"E06000013",2009,"YH","UA",1154.69,126.754,75.1733,24.4054,47.9338,1.50796
"E06000013",2010,"YH","UA",964.49,129.003,74.8635,14.8118,46.9424,0
"E06000013",2011,"YH","UA",1210.15,99.9067,60.5275,10.8812,42.9414,2.36459
"E06000013",2012,"YH","UA",1312.73,110.154,68.8842,12.6144,44.4639,2.49661
"E06000013",2013,"YH","UA",1014.62,99.8179,59.9228,19.8673,40.0856,0
"E06000014",2009,"YH","UA",1264.41,162.357,35.5864,14.0731,50.5624,3.16015
"E06000014",2010,"YH","UA",1210.26,183.433,30.5024,6.44713,44.728,1.44851
"E06000014",2011,"YH","UA",998.826,222.152,28.5297,0.690694,47.2678,10.401
"E06000014",2012,"YH","UA",946.115,230.611,26.9781,20.7194,44.7864,0.0713916
"E06000014",2013,"YH","UA",882.41,226.741,24.0296,0.713828,66.2308,1.20264
"E06000015",2009,"EM","UA",1188.81,153.324,52.4598,3.39539,71.1668,0.366099
"E06000015",2010,"EM","UA",1231.28,190.425,57.5311,3.51779,77.9384,3.38622
"E06000015",2011,"EM","UA",1212.56,189.903,50.6899,1.98731,80.6753,0.15547
"E06000015",2012,"EM","UA",1220.82,144.8,43.9945,42.0289,37.8054,1.16212
"E06000015",2013,"EM","UA",1086.03,150.428,41.9112,34.2886,55.7107,1.51138
"E06000016",2009,"EM","UA",1457.5,171.04,57.3707,51.3878,55.922,1.49049
"E06000016",2010,"EM","UA",1403.34,178.412,53.5164,63.727,59.3116,1.57047
"E06000016",2011,"EM","UA",1456.11,171.859,55.4586,75.8925,66.0082,3.48255
"E06000016",2012,"EM","UA",1394.74,151.129,63.0311,68.5226,99.6,1.38122
"E06000016",2013,"EM","UA",1437.86,159.361,53.7649,46.4617,101.489,1.45501
"E06000017",2009,"EM","UA",846.358,143.689,14.295,23.4635,49.1452,23.3649
"E06000017",2010,"EM","UA",823.405,136.871,29.3123,2.47095,43.5566,13.566
"E06000017",2011,"EM","UA",755.815,155.32,17.4133,16.0626,57.2563,11.9626
"E06000017",2012,"EM","UA",745.464,161.216,18.1191,17.2889,67.6903,15.1888
"E06000017",2013,"EM","UA",752.21,161.932,18.0083,17.0104,68.8495,14.6347
"E06000018",2009,"EM","UA",1663.99,159.218,37.4473,33.1686,86.8817,1.79098
"E06000018",2010,"EM","UA",1743.41,169.522,36.3966,45.9832,69.0611,0.987931
"E06000018",2011,"EM","UA",1678.72,161.945,33.2593,43.9797,57.0224,0.455329
"E06000018",2012,"EM","UA",1630.33,155.327,36.3004,46.4743,59.2393,0.870231
"E06000018",2013,"EM","UA",1559.1,157.215,45.4395,39.2471,55.4666,0
"E06000019",2009,"WM","UA",938.31,181.056,35.5522,1.54749,57.1072,3.075
"E06000019",2010,"WM","UA",978.452,195.895,42.923,1.66179,64.663,2.95211
"E06000019",2011,"WM","UA",937.18,201.829,42.2759,1.51809,70.4758,4.60231
"E06000019",2012,"WM","UA",989.303,197.215,41.8705,3.08888,68.9124,2.00872
"E06000019",2013,"WM","UA",563.605,200.541,103.88,74.9653,97.8594,20.3097
"E06000020",2009,"WM","UA",1389.98,213.782,57.0442,30.5237,65.9229,3.89821
"E06000020",2010,"WM","UA",1309.72,221.33,54.5375,18.8425,67.2051,0
"E06000020",2011,"WM","UA",1254.78,239.223,51.5544,26.2598,65.8002,0
"E06000020",2012,"WM","UA",1137.22,201.304,35.2936,13.3653,72.1947,0
"E06000020",2013,"WM","UA",1115.23,194.276,36.3862,3.53264,60.7419,0
"E06000021",2009,"WM","UA",1562.54,190.958,49.6836,17.5561,57.0221,3.57755
"E06000021",2010,"WM","UA",1728.04,214.93,45.786,13.554,26.525,2.9015
"E06000021",2011,"WM","UA",1535.3,203.628,42.9802,8.09276,25.2781,9.68984
"E06000021",2012,"WM","UA",1552.58,199.383,38.3744,7.88777,26.0039,8.78035
"E06000021",2013,"WM","UA",1461.02,211.133,37.4593,2.59087,32.9729,2.51216
"E06000022",2009,"SW","UA",1185.83,200.386,57.5665,40.464,47.0419,4.44506
"E06000022",2010,"SW","UA",1338.83,235.931,63.3825,40.8208,61.712,1.59282
"E06000022",2011,"SW","UA",1272.4,223.577,53.486,31.4412,55.7806,5.82173
"E06000022",2012,"SW","UA",1231.38,205.96,49.3393,28.1423,48.7374,3.94492
"E06000022",2013,"SW","UA",1086.72,209.787,38.429,30.7107,39.1249,6.74224
"E06000023",2009,"SW","UA",1781.44,187.05,40.1238,20.2557,62.0152,6.88756
"E06000023",2010,"SW","UA",1818.54,179.724,37.6708,22.7063,58.6616,8.60702
"E06000023",2011,"SW","UA",1714.09,165.332,38.8438,50.5991,58.0478,5.65793
"E06000023",2012,"SW","UA",1655.55,164.315,35.1432,64.6574,52.9943,3.11015
"E06000023",2013,"SW","UA",1620.23,151.57,38.4054,25.9631,51.499,5.7011
"E06000024",2009,"SW","UA",1069.91,173.403,43.9514,4.73239,73.8235,1.84944
"E06000024",2010,"SW","UA",1029.37,183.923,44.5087,5.63907,60.307,4.31589
"E06000024",2011,"SW","UA",987.33,182.283,43.906,4.81402,61.9498,1.95899
"E06000024",2012,"SW","UA",946.749,185.276,48.8677,3.14883,62.2459,1.89625
"E06000024",2013,"SW","UA",997.958,188.043,44.814,2.54508,67.049,1.12637
"E06000025",2009,"SW","UA",1251.6,235.219,16.7663,18.3884,54.7209,0.91538
"E06000025",2010,"SW","UA",1264.06,239.508,16.8539,15.7351,63.9277,0.888433
"E06000025",2011,"SW","UA",1174.66,221.083,15.4452,15.1296,59.5524,5.20423
"E06000025",2012,"SW","UA",1107.45,197.343,18.44,24.4669,61.8954,1.9228
"E06000025",2013,"SW","UA",1063.88,204.699,18.866,0.450512,64.9293,2.28342
"E06000026",2009,"SW","UA",1195.6,164.261,32.6629,33.6158,70.9762,1.95231
"E06000026",2010,"SW","UA",1185.56,177.519,37.5422,7.30095,65.9043,1.25271
"E06000026",2011,"SW","UA",1140.31,165.685,29.7504,27.0152,61.7527,4.6817
"E06000026",2012,"SW","UA",1076.66,200.638,26.6253,15.7698,52.0361,0.513349
"E06000026",2013,"SW","UA",1043.54,200.033,26.6707,3.06524,49.2358,5.06538
"E06000027",2009,"SW","UA",844.899,183.557,46.6443,17.7374,61.8457,3.6472
"E06000027",2010,"SW","UA",818.198,180.608,45.8944,20.1952,69.3527,0.81229
"E06000027",2011,"SW","UA",792.467,189.438,50.4366,13.651,56.9021,1.48139
"E06000027",2012,"SW","UA",702.797,189.646,41.1071,8.32339,80.8499,1.72256
"E06000027",2013,"SW","UA",648.262,179.32,45.1407,7.52345,76.5863,1.61119
"E06000028",2009,"SW","UA",1241.15,132.944,38.6199,43.8752,67.4369,0.242404
"E06000028",2010,"SW","UA",1179.12,131.079,35.2525,45.458,67.3045,21.5447
"E06000028",2011,"SW","UA",1231.76,155.826,35.3093,32.7378,63.9276,22.0672
"E06000028",2012,"SW","UA",1518.32,163.347,37.1117,34.2504,72.1007,0.322636
"E06000028",2013,"SW","UA",1255.06,149.281,38.9419,2.95962,66.6872,0.225098
"E06000029",2009,"SW","UA",1008.54,136.214,40.0847,18.156,46.1905,1.06727
"E06000029",2010,"SW","UA",1024.54,174.35,39.1413,7.20325,45.9826,1.11005
"E06000029",2011,"SW","UA",974.644,155.372,37.098,7.62675,48.8795,0.988653
"E06000029",2012,"SW","UA",932.958,189.482,36.0835,4.08846,42.1228,4.19359
"E06000029",2013,"SW","UA",982.722,176.134,28.35,0.0810663,43.8221,2.5478
"E06000030",2009,"SW","UA",1290.03,187.823,23.8174,7.21539,45.0508,6.18344
"E06000030",2010,"SW","UA",1173.82,169.621,25.3344,27.0287,34.3493,5.12283
"E06000030",2011,"SW","UA",1114.97,182.474,23.7676,9.75558,39.2087,1.32042
"E06000030",2012,"SW","UA",1023.39,201.508,24.3965,8.28228,38.1977,3.51902
"E06000030",2013,"SW","UA",949.522,190.433,22.8718,0.743614,44.2338,2.65898
"E06000031",2009,"EE","UA",6.6012,0,4.34759,485.012,0,1.35923
"E06000031",2010,"EE","UA",877.038,164.774,11.5788,82.7642,49.7032,1.41477
"E06000031",2011,"EE","UA",1126.29,155.566,27.0849,29.8204,63.3695,13.9668
"E06000031",2012,"EE","UA",1265.9,219.011,30.1828,28.0433,76.46,9.7295
"E06000031",2013,"EE","UA",980.194,224.63,31.2409,2.29571,86.9751,4.51286
"E06000032",2009,"EE","UA",1720.5,135.054,35.5523,15.5753,61.8378,3.5285
"E06000032",2010,"EE","UA",1479.27,130.586,29.974,5.54506,53.6363,2.50422
"E06000032",2011,"EE","UA",1366.6,148.117,28.6915,5.64839,52.2169,3.41683
"E06000032",2012,"EE","UA",1292.9,139.82,31.53,3.87546,52.3826,3.68408
"E06000032",2013,"EE","UA",1231.31,129.899,31.7707,2.62083,49.5923,2.48783
"E06000033",2009,"EE","UA",1254.18,204.741,42.6333,31.9933,56.4631,1.53199
"E06000033",2010,"EE","UA",1197.21,191.987,37.4552,36.8676,50.5347,2.69491
"E06000033",2011,"EE","UA",1120.11,172.899,37.5552,41.8843,39.0605,1.05277
"E06000033",2012,"EE","UA",1059.74,161.285,40.134,47.7832,48.1141,0
"E06000033",2013,"EE","UA",1013.08,154.599,41.5157,23.6311,43.8452,-0.00962572
"E06000034",2009,"EE","UA",1595.81,184.641,31.8038,5.92726,44.5098,32.8211
"E06000034",2010,"EE","UA",1387.64,146.1,31.6488,13.4212,42.6776,2.48899
"E06000034",2011,"EE","UA",1260.71,142.403,34.5754,21.2265,48.5207,-0.80554
"E06000034",2012,"EE","UA",1181.58,108.923,38.0452,79.4179,34.6764,0
"E06000034",2013,"EE","UA",1034.19,106.715,39.9255,92.9937,35.1316,14.3106
"E06000035",2009,"SE","UA",1260,173.764,33.9076,24.4238,73.893,0.958962
"E06000035",2010,"SE","UA",1222.74,171.494,36.8535,22.5244,75.2436,0.92838
"E06000035",2011,"SE","UA",1199.73,158.327,33.2406,20.8957,71.0692,0.74382
"E06000035",2012,"SE","UA",1080.55,158.64,28.4222,17.3783,72.1947,0.128275
"E06000035",2013,"SE","UA",995.403,166.825,29.2326,2.28511,70.7485,0.929638
"E06000036",2009,"SE","UA",1314.77,224.423,28.7265,23.2327,36.361,0.808354
"E06000036",2010,"SE","UA",1288.41,220.143,29.6422,29.4672,31.6699,0.787737
"E06000036",2011,"SE","UA",1173.8,201.845,28.6062,27.748,35.2857,0.772367
"E06000036",2012,"SE","UA",1079.71,198.404,30.8781,14.3818,36.3395,2.75872
"E06000036",2013,"SE","UA",1121.38,186.317,31.8155,18.196,38.5359,0.948281
"E06000037",2009,"SE","UA",1322.23,132.647,24.6348,69.4511,56.6578,9.66581
"E06000037",2010,"SE","UA",1210.63,146.355,24.7178,65.2377,53.2059,10.3684
"E06000037",2011,"SE","UA",1178.36,152.463,21.3803,55.8063,54.0054,8.4006
"E06000037",2012,"SE","UA",1061.81,157.773,23.3293,31.0112,55.1043,-1.46217
"E06000037",2013,"SE","UA",931.395,155.927,25.0448,20.3063,48.2721,0
"E06000038",2009,"SE","UA",1625.7,182.26,59.9945,35.6089,68.1828,1.83366
"E06000038",2010,"SE","UA",1584.4,184.335,57.5365,38.6162,64.1698,1.64302
"E06000038",2011,"SE","UA",1572.74,178.662,54.4456,37.3181,68.2496,1.84188
"E06000038",2012,"SE","UA",1458.48,170.885,48.3549,32.0011,68.515,2.27598
"E06000038",2013,"SE","UA",1377.03,163.577,47.4719,16.7909,64.9064,3.72705
"E06000039",2009,"SE","UA",1596.72,151.534,58.3063,36.3498,89.5769,0.0869316
"E06000039",2010,"SE","UA",1520.85,138.869,54.4992,34.2795,86.8008,4.36089
"E06000039",2011,"SE","UA",1474.11,155.7,54.1033,34.1111,86.9247,5.44719
"E06000039",2012,"SE","UA",1667.55,157.02,61.4237,0.113265,66.8265,3.38663
"E06000039",2013,"SE","UA",2166.38,137.772,36.0803,34.0164,5.84604,2.85608
"E06000040",2009,"SE","UA",1062.34,198.906,36.8093,22.0979,35.6521,2.46216
"E06000040",2010,"SE","UA",1028.8,187.292,36.4854,11.2448,34.9476,2.35467
"E06000040",2011,"SE","UA",946.731,190.396,38.8297,12.7073,37.1897,2.45414
"E06000040",2012,"SE","UA",857.886,192.345,36.3618,12.4632,36.3385,1.98571
"E06000040",2013,"SE","UA",839.809,200.222,35.4069,6.11542,34.0054,1.9574
"E06000041",2009,"SE","UA",1045.23,242.456,40.9931,14.5932,49.0507,6.49086
"E06000041",2010,"SE","UA",993.409,242.352,40.6455,14.4525,80.2437,0
"E06000041",2011,"SE","UA",1006,230.972,45.5366,12.3893,53.4247,0
"E06000041",2012,"SE","UA",838.612,239.841,43.1252,50.0944,51.4152,1.82552
"E06000041",2013,"SE","UA",782.51,239.101,40.4426,49.6699,50.3617,1.33035
"E06000042",2009,"SE","UA",1394.35,129.896,23.5686,10.4162,42.0267,1.50394
"E06000042",2010,"SE","UA",1322.5,109.721,27.3768,7.63925,42.6285,4.09748
"E06000042",2011,"SE","UA",1359.18,151.981,32.5423,7.07329,43.0644,2.49225
"E06000042",2012,"SE","UA",1166.59,154.045,23.9899,5.85338,39.6288,1.35127
"E06000042",2013,"SE","UA",1202.99,160.731,24.0296,6.43729,49.3064,0.447209
"E06000043",2009,"SE","UA",1731.47,214.613,56.9078,25.5623,60.8493,106.953
"E06000043",2010,"SE","UA",1702.49,212.113,49.4326,22.3585,51.6869,26.3667
"E06000043",2011,"SE","UA",1561.65,200.362,44.2362,16.4641,53.5251,22.0263
"E06000043",2012,"SE","UA",1506.89,197.4,44.672,15.1308,55.8915,19.1885
"E06000043",2013,"SE","UA",1503.31,194.053,44.3041,13.6194,58.9764,15.7359
"E06000044",2009,"SE","UA",1214.47,158.417,56.5213,17.5679,52.6788,0.793281
"E06000044",2010,"SE","UA",1274.78,173.317,55.4709,29.2081,46.1677,0.688834
"E06000044",2011,"SE","UA",1159.14,166.594,52.7398,47.272,38.6589,0.338371
"E06000044",2012,"SE","UA",1103.07,162.234,50.2105,53.0528,34.8307,0.648364
"E06000044",2013,"SE","UA",1142.01,163.932,45.9887,42.1557,41.6635,1.03655
"E06000045",2009,"SE","UA",1659.42,159.109,45.6174,32.977,52.7897,6.18056
"E06000045",2010,"SE","UA",1613.46,157.065,43.4028,27.4839,52.2046,7.95268
"E06000045",2011,"SE","UA",1490.31,157.313,39.1413,21.8837,53.7873,1.9948
"E06000045",2012,"SE","UA",1478.64,155.948,38.1261,19.9016,53.2963,1.86837
"E06000045",2013,"SE","UA",858.263,140.674,28.5693,148.016,78.5469,0
"E06000046",2009,"SE","UA",1118.12,189.71,43.0518,18.0592,63.0241,2.46941
"E06000046",2010,"SE","UA",1165.9,197.42,45.2359,9.62665,57.9602,6.60914
"E06000046",2011,"SE","UA",1023.28,206.456,36.2086,5.50971,61.5032,3.03166
"E06000046",2012,"SE","UA",982.622,206.055,41.6196,13.7204,66.861,6.25799
"E06000046",2013,"SE","UA",994.278,231.087,47.9991,2.62955,71.5866,6.27953
"E06000047",2009,"NE","UA",1523.84,199.349,33.7405,10.3179,53.4998,1.0028
"E06000047",2010,"NE","UA",1662.59,192.249,29.3429,8.71127,16.5564,0.856193
"E06000047",2011,"NE","UA",1344.75,174.51,30.1561,6.70643,43.5332,0.699943
"E06000047",2012,"NE","UA",1289.42,186.154,31.0337,7.12043,40.7868,0.480718
"E06000047",2013,"NE","UA",1193.53,177.713,31.4136,7.01806,38.799,0.705958
"E06000049",2009,"NW","UA",1196.73,262.819,45.7881,19.9687,40.4702,1.38033
"E06000049",2010,"NW","UA",1325.3,222.691,43.953,1.9442,34.5403,1.67865
"E06000049",2011,"NW","UA",1275.4,196.656,69.6579,1.50773,39.3591,1.25179
"E06000049",2012,"NW","UA",1050.69,223.045,47.4391,7.26919,26.6291,0.655797
"E06000049",2013,"NW","UA",835.051,181.065,40.9473,0,19.8175,3.56844
"E06000050",2009,"NW","UA",1356.17,131.523,33.6117,0.405539,57.8053,5.89632
"E06000050",2010,"NW","UA",1187.51,194.282,32.4822,0,56.0181,0
"E06000050",2011,"NW","UA",991.236,195.33,32.9346,2.9636,64.7406,0
"E06000050",2012,"NW","UA",871.413,191.785,28.7568,9.60437,48.2777,1.10013
"E06000050",2013,"NW","UA",820.756,192.632,39.1597,14.0208,48.6815,3.56367
"E06000051",2009,"WM","UA",919.511,162.851,36.0712,10.672,57.9791,1.64369
"E06000051",2010,"WM","UA",932.858,169.802,40.5253,8.2558,57.5686,1.59507
"E06000051",2011,"WM","UA",868.743,164.164,38.6389,9.09924,51.5242,1.53274
"E06000051",2012,"WM","UA",837.135,185.164,29.517,11.1374,53.3352,10.3855
"E06000051",2013,"WM","UA",777.819,196.838,32.1397,12.5038,52.6756,12.5713
"E06000052",2009,"SW","UA",787.686,251.205,30.871,5.40017,53.4409,0.931183
"E06000052",2010,"SW","UA",723.32,251.344,28.4409,5.36054,69.6296,0.871468
"E06000052",2011,"SW","UA",698.315,269.145,26.9162,3.91514,59.955,0.781043
"E06000052",2012,"SW","UA",754.627,267.828,28.7791,4.68132,91.2251,0.786225
"E06000052",2013,"SW","UA",694.697,249.443,30.553,5.89893,88.6431,0.870068
"E06000053",2009,"SW","UA",1656.49,52.3325,32.323,29.2446,7.69595,57.7196
"E06000053",2010,"SW","UA",2007.03,67.8577,40.8689,16.9644,0.771111,67.0866
"E06000053",2011,"SW","UA",1801.59,71.5236,70.7546,4.61443,0,128.435
"E06000053",2012,"SW","UA",1934.21,68.3465,2.27822,6.83465,0.759406,204.28
"E06000053",2013,"SW","UA",1913,67.8592,5.33724,17.5367,0,250.85
"E06000054",2009,"SW","UA",1061.33,161.132,31.2361,2.27639,50.7447,4.72552
"E06000054",2010,"SW","UA",999.506,159.643,31.9764,2.67094,48.2752,2.82057
"E06000054",2011,"SW","UA",942.942,156.934,33.1735,2.20497,48.4398,4.44657
"E06000054",2012,"SW","UA",898.962,168.825,35.5994,1.77074,50.5366,1.72004
"E06000054",2013,"SW","UA",841.536,187.049,36.2345,2.01243,53.5264,0.938181
"E06000055",2009,"EE","UA",1167.44,297.187,38.9316,5.70617,47.5249,3.64877
"E06000055",2010,"EE","UA",1222,290.939,41.5266,13.8642,51.966,6.91559
"E06000055",2011,"EE","UA",1212.72,272.215,38.7235,6.98593,56.1454,5.40603
"E06000055",2012,"EE","UA",1135.57,237.699,40.785,13.1762,48.8512,2.21715
"E06000055",2013,"EE","UA",1115.37,225.757,42.9154,12.3519,50.5381,1.96013
"E06000056",2009,"EE","UA",1138.14,240.557,29.3454,12.6558,45.2587,0
"E06000056",2010,"EE","UA",1030.34,224.572,26.5574,82.3482,11.6408,5.74287
"E06000056",2011,"EE","UA",1046.7,179.057,40.9455,15.3865,42.8778,8.5546
"E06000056",2012,"EE","UA",866.927,165.477,21.6215,77.675,53.9706,13.5006
"E06000056",2013,"EE","UA",871.471,168.536,23.6421,55.2044,30.1602,8.26291
"E06000057",2009,"NE","UA",1464.33,198.644,43.1958,11.0179,47.6086,3.62178
"E06000057",2010,"NE","UA",1330.52,190.835,39.105,11.1657,45.4151,3.66108
"E06000057",2011,"NE","UA",1263.73,189.764,43.21,12.1783,44.6539,4.29375
"E06000057",2012,"NE","UA",1143.65,185.224,42.0787,10.3525,42.3669,6.20387
"E06000057",2013,"NE","UA",1068.17,176.158,45.7045,9.06925,43.0287,4.81414
"E08000001",2009,"NW","MD",1273.94,164.06,45.9025,37.4927,63.0708,1.33603
"E08000001",2010,"NW","MD",1121.05,172.111,56.9707,31.5918,57.5795,1.21748
"E08000001",2011,"NW","MD",1241.57,161.809,43.4168,44.0115,42.8098,1.07914
"E08000001",2012,"NW","MD",1113.86,150.783,45.0098,48.6336,43.3643,0.901406
"E08000001",2013,"NW","MD",1119.59,162.163,40.7659,2.64729,46.0305,0.0720352
"E08000002",2009,"NW","MD",1274.89,167.567,42.1743,92.1802,53.0314,16.4676
"E08000002",2010,"NW","MD",1239.39,171.609,40.9579,90.2249,60.3551,14.837
"E08000002",2011,"NW","MD",1131.53,194.503,41.9483,79.0769,48.9947,14.9815
"E08000002",2012,"NW","MD",1112.34,189.79,41.3136,85.5854,54.7703,2.27756
"E08000002",2013,"NW","MD",1080.63,206.016,40.3017,80.6395,53.3811,4.36279
"E08000003",2009,"NW","MD",2047.05,143.215,78.0754,69.9366,141.505,51.3309
"E08000003",2010,"NW","MD",2148.09,206.043,77.0147,96.5125,67.3581,31.7211
"E08000003",2011,"NW","MD",1796.93,221.134,63.0538,77.1875,52.3011,32.3962
"E08000003",2012,"NW","MD",1725.88,221.426,57.4677,64.5339,44.2008,26.3823
"E08000003",2013,"NW","MD",1510.05,166.363,53.2132,49.3424,51.3768,11.4719
"E08000004",2009,"NW","MD",1521.65,159.032,54.4809,135.122,49.8038,1.84667
"E08000004",2010,"NW","MD",1329.36,159.218,73.7669,87.5219,68.7751,15.2746
"E08000004",2011,"NW","MD",1251.4,170.773,66.2752,34.3561,64.0535,1.39915
"E08000004",2012,"NW","MD",1153.54,154.481,57.9779,40.918,77.2026,1.64067
"E08000004",2013,"NW","MD",1098.7,166.03,53.2591,30.6043,77.4078,1.98174
"E08000005",2009,"NW","MD",1443.9,233.145,47.8109,13.6208,53.8963,12.4724
"E08000005",2010,"NW","MD",1410.86,228.603,48.5367,12.8923,39.6195,10.9745
"E08000005",2011,"NW","MD",1357.11,216.089,44.9835,6.57359,42.5284,10.3402
"E08000005",2012,"NW","MD",1160.87,208.169,44.0084,34.921,36.4924,3.69051
"E08000005",2013,"NW","MD",1039.08,191.643,43.0081,20.516,33.5295,0.787262
"E08000006",2009,"NW","MD",1452.87,214.463,81.0478,39.6767,88.3438,3.95139
"E08000006",2010,"NW","MD",1309.83,213.434,88.8613,39.5399,82.4021,2.77335
"E08000006",2011,"NW","MD",1220.33,192.611,70.5765,63.5203,65.2099,2.49982
"E08000006",2012,"NW","MD",1143.7,189.977,70.6399,62.1715,60.0172,2.55407
"E08000006",2013,"NW","MD",1035.56,188.989,75.9073,4.08455,54.7783,2.59199
"E08000007",2009,"NW","MD",1370.85,194.562,38.7586,3.33387,52.5919,5.38839
"E08000007",2010,"NW","MD",1337.56,173.043,39.9781,2.57425,51.2258,7.95734
"E08000007",2011,"NW","MD",1249.22,153.854,37.3238,2.87527,49.4693,4.69283
"E08000007",2012,"NW","MD",1174.09,165.012,37.7241,4.2371,46.4755,3.83328
"E08000007",2013,"NW","MD",1193.7,171.636,38.3456,2.68013,47.2396,2.2026
"E08000008",2009,"NW","MD",1638.59,190.151,50.8767,6.72183,56.0099,6.53821
"E08000008",2010,"NW","MD",1491.23,183.57,48.4834,9.22864,68.7678,12.6107
"E08000008",2011,"NW","MD",1510.72,210.293,51.1835,22.7245,55.7299,7.79061
"E08000008",2012,"NW","MD",1265.86,145.042,42.1865,4.89032,53.9972,23.7648
"E08000008",2013,"NW","MD",1072.37,145.957,48.0372,8.00995,53.2797,25.7623
"E08000009",2009,"NW","MD",1168.19,166.705,39.6145,12.3825,59.145,3.54238
"E08000009",2010,"NW","MD",1131.91,168.952,34.9815,10.4837,56.3787,3.26944
"E08000009",2011,"NW","MD",1064.31,161.006,30.0751,7.38186,56.0091,2.72319
"E08000009",2012,"NW","MD",992.301,166.015,31.5597,4.95822,49.4936,4.43358
"E08000009",2013,"NW","MD",925.659,173.871,29.9225,9.5198,45.4195,0.50296
"E08000010",2009,"NW","MD",1105.32,207.814,44.7845,36.6754,93.8629,3.99124
"E08000010",2010,"NW","MD",1009.05,210.54,47.7463,36.0511,76.0024,5.3111
"E08000010",2011,"NW","MD",947.957,196.376,43.0895,37.2034,58.9505,2.63824
"E08000010",2012,"NW","MD",907.826,196.685,39.0899,39.2359,51.7098,1.36051
"E08000010",2013,"NW","MD",925.708,173.93,37.596,7.58644,52.2207,2.09441
"E08000011",2009,"NW","MD",1672.49,286.04,98.8356,8.2872,96.2728,5.93996
"E08000011",2010,"NW","MD",1787.74,279.724,93.0183,8.1523,84.0449,5.93534
"E08000011",2011,"NW","MD",1579.41,287.976,75.3416,5.02585,80.8643,4.95653
"E08000011",2012,"NW","MD",1774.07,260.924,53.4008,8.23658,66.0181,28.771
"E08000011",2013,"NW","MD",1556.51,255.458,50.1798,4.34433,56.8374,3.24978
"E08000012",2009,"NW","MD",1494.42,159.642,101.876,54.0271,62.3404,70.231
"E08000012",2010,"NW","MD",1453.95,176.449,81.7293,37.7932,54.6242,79.034
"E08000012",2011,"NW","MD",1315.08,220.708,96.6972,19.6025,66.8232,2.57373
"E08000012",2012,"NW","MD",1200.46,190.919,98.121,23.1202,64.1952,1.8233
"E08000012",2013,"NW","MD",1099.93,163.941,96.5575,23.9035,63.5605,0.98561
"E08000013",2009,"NW","MD",1346.46,194.561,42.7007,4.74564,82.4052,1.90027
"E08000013",2010,"NW","MD",1362.69,205.322,40.2429,8.81698,82.1703,1.63533
"E08000013",2011,"NW","MD",1203.04,204.143,36.9494,25.9906,78.3307,2.57967
"E08000013",2012,"NW","MD",1213.81,211.068,33.6971,12.4395,68.9215,3.77508
"E08000013",2013,"NW","MD",1145.45,212.663,35.7541,10.9315,68.3004,4.13392
"E08000014",2009,"NW","MD",1232.32,164.93,55.3866,6.54696,70.2751,1.0967
"E08000014",2010,"NW","MD",1189.96,176.572,54.7815,6.93156,70.156,0.990223
"E08000014",2011,"NW","MD",1190.72,175.642,49.8958,5.48841,64.6619,1.01946
"E08000014",2012,"NW","MD",1060.4,174.191,56.0241,4.8567,61.1294,0.917801
"E08000014",2013,"NW","MD",1045.81,178.377,51.079,6.28176,63.376,1.07234
"E08000015",2009,"NW","MD",1141.93,205.638,53.0377,4.83458,60.5264,1.57538
"E08000015",2010,"NW","MD",1128.66,222.181,55.9303,4.88744,63.4533,1.53462
"E08000015",2011,"NW","MD",960.359,211.962,39.1904,27.3165,52.3029,1.64794
"E08000015",2012,"NW","MD",956.081,204.396,58.6286,5.13697,57.3727,1.45069
"E08000015",2013,"NW","MD",908.205,218.534,58.7757,2.83315,45.8948,1.57517
"E08000016",2009,"YH","MD",1348.63,143.416,50.9058,75.3834,39.5007,10.0052
"E08000016",2010,"YH","MD",1291.05,137.687,57.5558,90.5419,37.1532,17.1017
"E08000016",2011,"YH","MD",1129.78,152.011,54.0962,85.4699,34.8751,5.95233
"E08000016",2012,"YH","MD",955.239,158.777,49.638,90.3606,35.2599,4.51516
"E08000016",2013,"YH","MD",996.751,172.934,52.7423,88.929,40.9622,3.16722
"E08000017",2009,"YH","MD",1369.66,174.916,21.517,4.03297,46.6396,10.4834
"E08000017",2010,"YH","MD",1422.42,175.747,20.0718,3.14068,46.9046,7.78889
"E08000017",2011,"YH","MD",1306.2,174.496,23.2083,2.26422,43.491,4.20898
"E08000017",2012,"YH","MD",1202.5,174.435,21.0339,2.80452,48.1369,7.2441
"E08000017",2013,"YH","MD",1188.4,174.265,20.525,3.28729,58.7926,6.04225
"E08000018",2009,"YH","MD",1418.11,222.979,49.1085,2.48169,71.3124,4.4311
"E08000018",2010,"YH","MD",1378.01,196.4,49.3134,2.18794,72.7779,1.47669
"E08000018",2011,"YH","MD",1273.01,196.068,50.2911,1.75643,75.2137,5.47553
"E08000018",2012,"YH","MD",1204.11,209.922,46.6734,3.27221,63.7719,3.74625
"E08000018",2013,"YH","MD",1208.91,219.292,43.7603,1.66675,69.8531,1.22228
"E08000019",2009,"YH","MD",1339.1,136.517,39.6029,14.7105,44.0237,10.2897
"E08000019",2010,"YH","MD",1285.1,153.069,39.9226,6.6334,41.0495,7.37859
"E08000019",2011,"YH","MD",1243.62,206.798,37.2224,3.76184,38.0823,4.92023
"E08000019",2012,"YH","MD",1121.88,200.449,37.5888,7.00172,53.2084,4.21373
"E08000019",2013,"YH","MD",1206.47,212.857,41.5429,5.00575,18.1249,5.14235
"E08000021",2009,"NE","MD",1736.74,209.452,54.5227,24.4744,71.1423,75.2912
"E08000021",2010,"NE","MD",1732.42,232.958,50.3334,19.6879,67.6388,50.5752
"E08000021",2011,"NE","MD",1896.51,246.335,51.9579,24.1531,76.2284,7.393
"E08000021",2012,"NE","MD",1772.17,235.535,48.8215,24.0427,72.5315,3.10826
"E08000021",2013,"NE","MD",1843.62,231.553,50.4355,6.92606,74.4352,2.69612
"E08000022",2009,"NE","MD",1695.58,242.174,45.1509,24.2061,65.5203,2.45897
"E08000022",2010,"NE","MD",1531.14,267.985,45.5511,15.7778,58.6469,1.75686
"E08000022",2011,"NE","MD",1466.81,280.136,44.4315,29.5711,81.3331,0.241024
"E08000022",2012,"NE","MD",1328.52,265.997,41.7581,13.6994,58.0803,2.66401
"E08000022",2013,"NE","MD",1166.78,241.873,38.3173,10.5638,43.8647,2.97388
"E08000023",2009,"NE","MD",1904.95,251.976,61.8454,16.5181,80.6014,22.6636
"E08000023",2010,"NE","MD",1749.89,251.921,56.161,10.4919,78.209,20.0121
"E08000023",2011,"NE","MD",1642.64,246.822,51.2944,18.481,68.8775,11.059
"E08000023",2012,"NE","MD",1418.2,227.315,41.1595,15.6103,44.0906,10.0737
"E08000023",2013,"NE","MD",1488.93,238.755,31.4799,9.98849,35.9675,9.16447
"E08000024",2009,"NE","MD",1348.52,168.917,45.1832,4.11719,54.6259,11.1619
"E08000024",2010,"NE","MD",1320.45,177.541,42.758,2.95933,55.8923,6.91727
"E08000024",2011,"NE","MD",1339.01,190.497,34.9169,2.52795,53.4832,2.60601
"E08000024",2012,"NE","MD",1254.77,213.291,35.4901,1.89074,50.2474,2.17614
"E08000024",2013,"NE","MD",1263.35,212.741,38.1632,0.978092,49.7943,1.61444
"E08000025",2009,"WM","MD",1818.98,182.903,40.6864,68.3824,46.205,3.22905
"E08000025",2010,"WM","MD",1689.87,185.836,34.1469,24.2008,41.1799,2.36819
"E08000025",2011,"WM","MD",1487.96,176.006,33.8042,17.9087,39.2482,0.984512
"E08000025",2012,"WM","MD",1472.2,170.808,27.9283,12.8104,38.1763,0.89814
"E08000025",2013,"WM","MD",1416.06,171.389,28.0971,12.5824,37.6294,1.34903
"E08000026",2009,"WM","MD",1360.45,175.74,36.1548,29.1057,64.3738,10.1864
"E08000026",2010,"WM","MD",1316.25,156.503,34.567,30.4354,57.307,2.57414
"E08000026",2011,"WM","MD",1422.47,164.24,36.2292,21.7719,45.3465,2.87583
"E08000026",2012,"WM","MD",1310.91,155.195,35.0551,41.4421,40.9546,1.71356
"E08000026",2013,"WM","MD",1269.41,152.495,32.881,0.0776526,34.667,-0.116479
"E08000027",2009,"WM","MD",980.034,199.568,39.6437,78.1581,61.7619,1.11778
"E08000027",2010,"WM","MD",1113.24,194.861,36.9908,23.4855,61.3888,1.00879
"E08000027",2011,"WM","MD",1160.54,175.358,32.2611,67.491,47.2888,0.95803
"E08000027",2012,"WM","MD",1001.46,168.395,34.129,58.7937,58.7606,0.932095
"E08000027",2013,"WM","MD",984.974,184.456,31.8068,53.2443,72.7934,0.922333
"E08000028",2009,"WM","MD",1711.41,364.88,92.5376,41.6055,44.8269,2.67066
"E08000028",2010,"WM","MD",1682.64,361.96,93.184,41.8777,58.2621,2.20439
"E08000028",2011,"WM","MD",1613.99,348.221,73.1429,31.5923,46.2686,34.8432
"E08000028",2012,"WM","MD",1526.9,350.149,71.0914,26.6525,40.1667,39.9923
"E08000028",2013,"WM","MD",1356.14,201.443,62.8175,19.4916,42.3003,1.3995
"E08000029",2009,"WM","MD",958.6,181.523,39.9141,18.8269,49.6732,3.95329
"E08000029",2010,"WM","MD",972.641,207.148,39.0012,16.8832,47.5468,5.00948
"E08000029",2011,"WM","MD",716.549,219.637,32.0668,52.4831,44.4941,7.93775
"E08000029",2012,"WM","MD",706.929,223.472,35.4379,54.6214,44.0645,6.84037
"E08000029",2013,"WM","MD",850.872,217.532,42.552,13.7141,46.3142,2.66106
"E08000030",2009,"WM","MD",1350.53,278.233,55.8268,5.9301,93.9528,0.0963125
"E08000030",2010,"WM","MD",1409.57,237.711,42.4882,1.69712,92.6736,1.27618
"E08000030",2011,"WM","MD",1365.75,168.678,48.9612,17.4304,54.3919,2.41294
"E08000030",2012,"WM","MD",1324.87,243.496,28.1292,2.41016,47.8707,0
"E08000030",2013,"WM","MD",1180.12,226.084,20.8496,2.4232,56.5099,0
"E08000031",2009,"WM","MD",1691.17,224.776,189.372,76.2803,59.8747,9.53865
"E08000031",2010,"WM","MD",1492.68,208.037,169.938,13.7598,71.9378,11.2166
"E08000031",2011,"WM","MD",1399.23,215.936,164.878,17.2621,57.1113,4.11975
"E08000031",2012,"WM","MD",1384.89,204.695,158.609,6.84167,62.9394,3.21686
"E08000031",2013,"WM","MD",1383.76,232.353,57.8135,0.887604,65.5369,2.70918
"E08000032",2009,"YH","MD",1452.4,144.702,30.4944,5.8635,66.5974,2.67158
"E08000032",2010,"YH","MD",1490.81,149.84,44.6353,66.9733,51.5088,1.51467
"E08000032",2011,"YH","MD",1390.19,165.138,35.6246,45.457,46.2755,2.75806
"E08000032",2012,"YH","MD",1179.79,166.909,35.341,11.424,45.2347,2.03397
"E08000032",2013,"YH","MD",1156.33,181.724,36.8661,5.53039,43.96,1.80808
"E08000033",2009,"YH","MD",1254.36,135.752,42.6826,12.0031,71.1001,5.7979
"E08000033",2010,"YH","MD",1308.34,139.924,41.1805,9.11648,73.2783,4.30055
"E08000033",2011,"YH","MD",1195.8,166.664,40.1738,4.14452,62.9851,4.07847
"E08000033",2012,"YH","MD",1116.2,173.637,38.9286,6.37934,59.3474,2.87968
"E08000033",2013,"YH","MD",1018.48,179.269,43.3128,5.29208,53.8082,2.25075
"E08000034",2009,"YH","MD",1338.53,129.765,36.2595,7.36303,56.0289,7.69982
"E08000034",2010,"YH","MD",1256.95,128.927,35.0162,5.8449,66.4454,4.22109
"E08000034",2011,"YH","MD",1219.18,129.597,33.3593,6.84478,62.352,3.18334
"E08000034",2012,"YH","MD",1075.08,138.599,37.1477,5.65428,60.5468,1.69353
"E08000034",2013,"YH","MD",1090.04,135.701,36.16,2.30561,58.2961,1.05577
"E08000035",2009,"YH","MD",1336.87,174.334,44.0212,43.8282,48.8444,1.85835
"E08000035",2010,"YH","MD",1401.21,157.119,40.5425,9.61536,53.0924,1.48366
"E08000035",2011,"YH","MD",1301.95,173.481,45.8867,8.48769,49.2964,2.71272
"E08000035",2012,"YH","MD",1145.49,177.248,48.7462,10.705,49.9839,2.37889
"E08000035",2013,"YH","MD",1126.21,194.531,47.2052,18.134,53.6193,1.52985
"E08000036",2009,"YH","MD",1207.64,258.509,35.564,23.745,47.078,17.9987
"E08000036",2010,"YH","MD",1191.51,204.773,35.1231,23.2811,47.8494,20.3454
"E08000036",2011,"YH","MD",1187.2,183.339,34.2597,23.3095,39.4853,17.5902
"E08000036",2012,"YH","MD",1085.34,188.864,31.0892,26.4271,53.749,15.7556
"E08000036",2013,"YH","MD",1010.15,197.987,31.712,2.69537,45.5653,14.8873
"E08000037",2009,"NE","MD",1735.32,255.855,40.0015,8.08121,88.7702,6.10268
"E08000037",2010,"NE","MD",1714.31,272.44,43.0421,4.28199,80.7766,11.5554
"E08000037",2011,"NE","MD",1561.47,245.873,40.933,6.04682,72.5869,2.99835
"E08000037",2012,"NE","MD",1511.86,230.26,37.3011,5.58976,70.2749,2.14288
"E08000037",2013,"NE","MD",1422.02,239.951,36.5282,3.98625,66.2641,3.04539
"E09000001",2009,"L","L",2764.32,127.753,241.331,213.729,96.7936,36.3676
"E09000001",2010,"L","L",2716.58,149.473,268.976,251.07,87.8366,41.2794
"E09000001",2011,"L","L",2619.65,145.092,264.687,241.025,89.8799,28.4314
"E09000001",2012,"L","L",1647.81,136.652,192.677,335.075,37.1707,76.137
"E09000001",2013,"L","L",1451.18,134.917,190.397,350.893,40.3491,55.1197
"E09000002",2009,"L","L",2143.31,135.576,48.5697,35.9156,48.7008,4.52725
"E09000002",2010,"L","L",2002.59,135.186,45.5041,70.098,49.4265,0
"E09000002",2011,"L","L",1710.57,120.385,39.3207,61.4318,56.9968,4.56303
"E09000002",2012,"L","L",1543.82,123.647,39.8337,61.9656,61.4507,6.96003
"E09000002",2013,"L","L",1603.88,119.568,28.487,22.5565,44.1203,4.368
"E09000003",2009,"L","L",1336.68,174.779,48.999,2.41108,67.4905,3.85773
"E09000003",2010,"L","L",1237.76,208.629,44.4183,6.38686,63.4269,4.85781
"E09000003",2011,"L","L",1284.45,182.368,42.743,24.7672,53.307,5.44052
"E09000003",2012,"L","L",1261.81,177.555,41.098,4.00662,50.8532,8.08023
"E09000003",2013,"L","L",1133.13,202.696,36.2225,6.98802,57.4222,4.20066
"E09000004",2009,"L","L",1018.99,128.701,31.5904,7.48688,52.9089,4.30281
"E09000004",2010,"L","L",904.799,131.329,28.069,5.55627,48.3108,4.08772
"E09000004",2011,"L","L",932.015,176.018,30.8115,7.55154,48.5203,0.280507
"E09000004",2012,"L","L",894.868,175.438,29.0727,7.09587,47.5162,3.41008
"E09000004",2013,"L","L",909.236,160.622,31.1381,1.44053,46.9058,4.39964
"E09000005",2009,"L","L",1592.5,144.722,109.246,0.572197,104.08,2.87189
"E09000005",2010,"L","L",1562.84,157.147,85.3521,36.7752,83.3834,21.8276
"E09000005",2011,"L","L",1489.98,149.463,65.3948,10.1765,54.4558,3.70281
"E09000005",2012,"L","L",1239.22,151.7,61.372,33.5816,48.4534,2.89311
"E09000005",2013,"L","L",1377.18,162.182,53.2969,5.07841,58.8855,5.45869
"E09000006",2009,"L","L",1139.79,159.179,34.2794,1.85092,46.6708,2.94071
"E09000006",2010,"L","L",1084.25,174.063,32.2257,6.61587,44.7274,2.65646
"E09000006",2011,"L","L",1057.1,186.68,32.032,5.85797,40.0386,2.75863
"E09000006",2012,"L","L",966.368,176.663,31.2392,3.3484,39.3841,1.41042
"E09000006",2013,"L","L",911.904,171.946,32.3809,0.943081,39.6515,1.13275
"E09000007",2009,"L","L",2537.82,182.519,103.117,25.6045,93.8192,0.891275
"E09000007",2010,"L","L",2430.87,190.243,118.355,26.3512,89.5551,4.85544
"E09000007",2011,"L","L",2503.11,172.349,136.872,15.7411,76.2435,4.08791
"E09000007",2012,"L","L",2268.69,163.662,139.864,11.4094,75.3885,3.82676
"E09000007",2013,"L","L",1550.4,151.338,118.569,13.1478,87.7083,111.938
"E09000008",2009,"L","L",1381.73,229.841,62.9289,17.6764,46.8533,6.29193
"E09000008",2010,"L","L",1085.83,204.557,58.8498,81.3884,46.7492,5.80979
"E09000008",2011,"L","L",1321.66,208.447,54.7077,13.2474,47.827,6.06461
"E09000008",2012,"L","L",1214.7,194.453,49.87,8.68861,55.8156,7.73891
"E09000008",2013,"L","L",1278.76,189.572,45.0275,9.94692,52.1336,8.28838
"E09000009",2009,"L","L",1789.78,145.136,76.1713,3.836,63.0417,3.09134
"E09000009",2010,"L","L",1428.05,150.016,55.1687,4.78344,70.2268,3.21113
"E09000009",2011,"L","L",1514.37,144.924,56.0295,11.7089,52.6946,1.63519
"E09000009",2012,"L","L",1370.08,142.549,48.9498,2.2525,48.199,1.19223
"E09000009",2013,"L","L",1434.56,155.985,50.0676,3.05994,49.5809,1.12663
"E09000010",2009,"L","L",1602.25,190.17,74.3541,13.698,72.1256,11.4523
"E09000010",2010,"L","L",1431.27,184.819,76.465,8.39008,87.4146,30.532
"E09000010",2011,"L","L",1393.79,188.567,74.5768,13.145,113.061,36.9802
"E09000010",2012,"L","L",1463.2,197.336,72.7,36.2356,76.3339,11.297
"E09000010",2013,"L","L",1404.62,156.743,44.1821,12.9741,69.6312,41.127
"E09000011",2009,"L","L",2113.73,173.978,62.3434,29.4098,73.6848,7.88579
"E09000011",2010,"L","L",2029.31,185.747,66.6603,21.6763,72.4515,6.66213
"E09000011",2011,"L","L",1819.76,163.657,55.1213,22.8938,67.8994,7.09962
"E09000011",2012,"L","L",1639.16,161.197,60.7516,22.3012,64.2842,8.30889
"E09000011",2013,"L","L",1697.44,169.701,63.1991,34.6901,70.2004,7.27079
"E09000012",2009,"L","L",2907.08,200.362,100.019,58.9491,50.3531,14.5424
"E09000012",2010,"L","L",2752.95,182.851,86.4571,59.6981,51.6993,9.76718
"E09000012",2011,"L","L",2751.28,162.241,81.4117,36.2952,52.2073,7.54747
"E09000012",2012,"L","L",2671.82,149.61,65.569,51.5322,51.7934,2.47299
"E09000012",2013,"L","L",2461.91,148.056,58.619,10.4169,49.6236,0
"E09000013",2009,"L","L",2724.58,199.02,90.2118,41.4409,70.7856,13.6
"E09000013",2010,"L","L",2693.34,202.574,87.713,44.9827,92.0173,13.0812
"E09000013",2011,"L","L",2475.63,191.44,89.9146,20.466,53.8863,19.2791
"E09000013",2012,"L","L",2364.1,200.281,86.1757,16.8805,55.4409,44.1636
"E09000013",2013,"L","L",2550.2,187.9,74.7565,0,54.9734,5.39684
"E09000014",2009,"L","L",2075.01,209.355,105.831,19.0076,72.4665,6.28742
"E09000014",2010,"L","L",2045.02,189.393,93.6818,17.2692,67.9399,5.25718
"E09000014",2011,"L","L",1907.75,165.562,72.082,24.3656,69.0378,6.97855
"E09000014",2012,"L","L",1825.2,164.682,72.753,25.3029,71.1319,3.41526
"E09000014",2013,"L","L",1830.37,167.342,70.3696,10.1784,71.5012,2.64404
"E09000015",2009,"L","L",1231.34,151.636,57.0391,22.7395,61.1975,2.44527
"E09000015",2010,"L","L",1243.68,180.083,44.0552,5.93145,56.1299,2.28785
"E09000015",2011,"L","L",1244.11,146.024,40.2811,7.3307,55.5665,2.33156
"E09000015",2012,"L","L",1138.15,141.528,41.1883,4.684,53.7349,2.9233
"E09000015",2013,"L","L",1029.39,152.909,38.6064,10.4498,52.0628,2.26823
"E09000016",2009,"L","L",1108.14,165.516,28.5735,15.3734,59.1831,5.41426
"E09000016",2010,"L","L",1043.71,165.108,32.3358,16.9772,61.2274,3.97638
"E09000016",2011,"L","L",1028.4,160.821,26.0547,12.1728,49.434,6.02871
"E09000016",2012,"L","L",951.724,158.873,24.3017,11.9131,39.7909,6.40003
"E09000016",2013,"L","L",940.964,149.177,22.9412,1.23385,40.0477,14.36
"E09000017",2009,"L","L",1383.57,197.749,39.4714,8.33477,63.0502,4.73246
"E09000017",2010,"L","L",1437.07,198.99,46.7071,96.3075,59.1413,2.97999
"E09000017",2011,"L","L",1249.32,182.914,36.6207,3.85357,52.2899,2.56114
"E09000017",2012,"L","L",1186.31,185.421,36.0342,3.48847,51.2405,2.46481
"E09000017",2013,"L","L",1159.04,166.478,44.2242,17.4179,82.0893,5.19531
"E09000018",2009,"L","L",1620,176.373,39.5459,27.9828,55.4134,1.38384
"E09000018",2010,"L","L",1453.24,171.455,47.6802,37.5193,63.9616,2.23958
"E09000018",2011,"L","L",1115.95,142.436,36.5569,31.2367,47.3381,1.67558
"E09000018",2012,"L","L",1086.47,131.148,34.7455,54.6741,32.6305,0.917491
"E09000018",2013,"L","L",999.821,117.39,29.6876,45.8129,33.6109,5.73317
"E09000019",2009,"L","L",3137.08,152.977,90.3968,16.3815,68.1091,12.2125
"E09000019",2010,"L","L",2797,143.34,69.4485,26.8604,63.2154,4.16749
"E09000019",2011,"L","L",2353.49,177.308,77.9129,11.4164,56.3211,2.97581
"E09000019",2012,"L","L",2275.89,174.234,68.3135,10.4889,58.2278,2.22072
"E09000019",2013,"L","L",2279.48,171.723,64.5234,7.23538,57.013,10.4404
"E09000020",2009,"L","L",1969.69,145.158,94.3335,26.0133,61.6431,2.82672
"E09000020",2010,"L","L",1954.11,146.146,87.8381,18.8935,52.6638,3.05904
"E09000020",2011,"L","L",1812.09,143.774,84.1002,23.8881,48.3145,2.60783
"E09000020",2012,"L","L",1684.54,149.081,77.7706,23.1862,43.321,1.77051
"E09000020",2013,"L","L",1666.33,146.414,79.2942,9.03172,43.1012,2.18951
"E09000021",2009,"L","L",1752.47,173.591,59.6364,20.8392,49.1755,2.38545
"E09000021",2010,"L","L",1638.46,173.134,53.2982,21.8706,50.4311,2.02207
"E09000021",2011,"L","L",1518.69,184.184,50.0491,18.2407,48.6551,2.47399
"E09000021",2012,"L","L",1344.55,185.869,48.7257,18.5241,45.426,10.5839
"E09000021",2013,"L","L",1213.33,178.229,41.1966,3.22167,41.6317,10.3778
"E09000022",2009,"L","L",2595.68,222.388,108.018,81.6569,73.3345,18.0541
"E09000022",2010,"L","L",2203.19,212.52,80.7314,15.5452,79.6999,17.302
"E09000022",2011,"L","L",1856.99,186.83,75.9909,15.1039,75.8164,1.58442
"E09000022",2012,"L","L",1760.15,176.979,66.4764,8.47396,78.5502,1.16961
"E09000022",2013,"L","L",1751.84,170.048,67.7794,4.6899,84.2229,1.0915
"E09000023",2009,"L","L",2129.53,200.852,70.7441,38.072,100.506,7.71754
"E09000023",2010,"L","L",2088.9,213.288,73.4928,34.04,109.87,5.77048
"E09000023",2011,"L","L",2106.55,213.606,60.045,24.7762,107.56,6.15647
"E09000023",2012,"L","L",1825.01,210.092,60.9764,29.1338,91.2303,5.96139
"E09000023",2013,"L","L",1862.32,208.472,63.3339,2.21334,84.7818,0.183137
"E09000024",2009,"L","L",1451.06,214.504,14.1323,34.4296,39.6813,0
"E09000024",2010,"L","L",1366.97,206.213,14.3949,23.2852,40.5321,0
"E09000024",2011,"L","L",1453.24,190.066,8.80447,46.0912,35.8012,0
"E09000024",2012,"L","L",1368.17,190.542,8.20266,38.8805,37.3057,0
"E09000024",2013,"L","L",1346.73,190.904,7.40604,27.3971,38.2306,0
"E09000025",2009,"L","L",2401.94,168.818,70.1373,29.6299,62.9558,2.87714
"E09000025",2010,"L","L",2303.28,152.009,59.3097,16.162,59.1942,2.89226
"E09000025",2011,"L","L",2217.92,138.541,52.183,8.26091,53.9099,3.13413
"E09000025",2012,"L","L",1705.24,127.376,46.1334,7.68729,46.691,3.0528
"E09000025",2013,"L","L",1792.25,136.466,52.2329,7.04999,53.1736,3.08525
"E09000026",2009,"L","L",1454.61,136.284,51.7412,10.1301,58.6881,3.91041
"E09000026",2010,"L","L",1353.04,184.558,47.5231,8.80808,57.7009,2.38322
"E09000026",2011,"L","L",1265.73,147.741,47.3355,8.31315,53.5292,5.49304
"E09000026",2012,"L","L",1227.18,146.378,43.1033,6.87654,57.9135,4.2684
"E09000026",2013,"L","L",1236.16,150.636,41.3185,6.01894,56.8094,3.2902
"E09000027",2009,"L","L",1833.07,208.903,59.4008,9.68638,61.8852,6.12574
"E09000027",2010,"L","L",1617.92,218.506,61.0058,15.0026,58.255,6.07787
"E09000027",2011,"L","L",1455.4,199.515,61.6118,14.6282,50.7437,6.11225
"E09000027",2012,"L","L",1326.08,199.305,53.6391,22.6948,46.5098,6.98496
"E09000027",2013,"L","L",1307.61,196.876,54.9845,23.5051,46.1826,8.92725
"E09000028",2009,"L","L",2211.29,224.414,84.2147,11.1741,79.8815,6.03932
"E09000028",2010,"L","L",2179.07,215.467,80.8597,10.7297,76.6975,5.79885
"E09000028",2011,"L","L",2020.42,182.485,72.1149,11.3752,56.2931,2.79355
"E09000028",2012,"L","L",1998.47,176.933,59.2017,13.4791,77.9175,1.79266
"E09000028",2013,"L","L",1676.67,185.714,61.0026,17.8807,68.6326,0.387889
"E09000029",2009,"L","L",1410.57,318.182,50.2363,13.6876,45.7679,3.41279
"E09000029",2010,"L","L",1370.6,287.111,45.8977,10.4124,49.7735,2.82925
"E09000029",2011,"L","L",1177.36,250.554,39.5038,2.7599,54.4194,1.63518
"E09000029",2012,"L","L",981.476,233.533,30.5768,2.89756,51.9018,3.30423
"E09000029",2013,"L","L",820.051,261.64,24.7444,3.35574,54.2982,2.1181
"E09000030",2009,"L","L",3369.53,179.899,108.65,27.8365,80.6495,6.11153
"E09000030",2010,"L","L",2753.74,176.04,111.126,61.033,68.1637,4.10016
"E09000030",2011,"L","L",3062.98,151.682,87.866,45.9677,81.2582,7.30575
"E09000030",2012,"L","L",2901.49,143.214,81.7992,39.7903,69.7155,8.55548
"E09000030",2013,"L","L",2767.77,153.049,90.3781,30.1105,76.2687,7.55089
"E09000031",2009,"L","L",1723,165.52,46.6922,5.23941,48.0731,2.63622
"E09000031",2010,"L","L",1618,143.431,48.7893,3.67448,47.1506,2.85513
"E09000031",2011,"L","L",1495.39,182.85,40.4682,2.53153,51.6094,3.16592
"E09000031",2012,"L","L",1392.37,171.433,38.0641,2.65426,51.0339,1.94488
"E09000031",2013,"L","L",1347.6,177.977,44.7963,2.25514,48.7804,1.28948
"E09000032",2009,"L","L",1847.27,217.359,66.82,5.00198,41.1527,7.10756
"E09000032",2010,"L","L",1766.85,218.993,71.2535,5.68303,42.3352,4.418
"E09000032",2011,"L","L",1651.8,205.927,61.4793,-0.704103,40.4211,4.31263
"E09000032",2012,"L","L",1508,199.562,56.0757,1.2556,39.8537,45.678
"E09000032",2013,"L","L",1365.53,183.895,45.2263,-0.4155,33.8136,36.3472
"E09000033",2009,"L","L",2592.13,170.67,126.953,59.6184,73.7099,9.80485
"E09000033",2010,"L","L",2471.24,167.418,120.424,55.2883,77.7196,8.49659
"E09000033",2011,"L","L",2310.38,133.135,95.1489,162.385,31.0718,17.5643
"E09000033",2012,"L","L",1776.09,196.911,130.429,71.8429,87.1501,37.1408
"E09000033",2013,"L","L",1865.3,153.458,108.028,5.20451,40.6893,5.33619
"E10000002",2009,"SE","SC",1013.69,187.855,34.6246,16.5675,56.0957,1.60365
"E10000002",2010,"SE","SC",963.508,182.917,36.2173,17.8743,52.383,2.01072
"E10000002",2011,"SE","SC",873.398,173.928,30.1611,16.4923,42.4215,0.806246
"E10000002",2012,"SE","SC",905.34,168.076,25.7654,15.1283,44.7988,2.46836
"E10000002",2013,"SE","SC",865.069,165.915,28.5045,2.50636,61.2194,0.462307
"E10000003",2009,"EE","SC",1078.56,192.49,27.9249,2.51969,46.092,0.960015
"E10000003",2010,"EE","SC",1042.53,193.466,29.3359,1.33295,46.6561,0.720884
"E10000003",2011,"EE","SC",979.45,190.528,28.2141,24.5278,47.305,2.02853
"E10000003",2012,"EE","SC",1077.74,207.259,48.8199,18.8138,42.5903,0.497843
"E10000003",2013,"EE","SC",892.841,166.615,25.5129,32.1865,40.1447,0.495296
"E10000006",2009,"NW","SC",1354.91,95.3352,40.6889,2.68781,65.2545,1.53334
"E10000006",2010,"NW","SC",1302.65,102.962,30.4626,2.40319,62.1988,1.23492
"E10000006",2011,"NW","SC",1220.52,140.319,29.7645,6.71399,55.6129,1.66551
"E10000006",2012,"NW","SC",1148.69,152.975,34.4077,7.59134,56.2367,0.969181
"E10000006",2013,"NW","SC",1100.69,156.823,35.0605,6.95007,55.6213,0.878666
"E10000007",2009,"EM","SC",1247.68,189.099,35.7332,22.9608,78.0546,0
"E10000007",2010,"EM","SC",1130.51,160.809,31.2229,48.2153,65.1829,0
"E10000007",2011,"EM","SC",1226.83,153.025,31.8374,12.9463,56.9126,1.32231
"E10000007",2012,"EM","SC",1154.25,154.974,33.8875,11.6992,59.5459,1.30868
"E10000007",2013,"EM","SC",899.18,171.02,34.1398,4.16439,77.0488,1.37583
"E10000008",2009,"SW","SC",1017.06,157.075,33.2229,3.27539,66.5352,0.910659
"E10000008",2010,"SW","SC",947.123,148.299,37.1111,1.4531,69.3778,0.931538
"E10000008",2011,"SW","SC",1018.07,158.193,40.3155,1.71444,64.6558,0.983422
"E10000008",2012,"SW","SC",993.17,151.424,35.6682,2.13064,56.4432,1.14528
"E10000008",2013,"SW","SC",1005.24,162.093,41.3363,1.61688,54.1737,1.06551
"E10000009",2009,"SW","SC",894.527,160.326,30.5656,18.4878,59.1703,8.98713
"E10000009",2010,"SW","SC",894.752,176.36,31.056,16.2976,56.4551,15.1799
"E10000009",2011,"SW","SC",1050.8,219.666,30.5891,12.5391,60.0482,113.248
"E10000009",2012,"SW","SC",1010.08,231.254,29.1078,13.0154,59.5816,83.5925
"E10000009",2013,"SW","SC",976.222,217.638,26.08,17.6346,52.5075,113.5
"E10000011",2009,"SE","SC",1189.08,198.763,66.3376,37.1045,68.3732,1.81147
"E10000011",2010,"SE","SC",1091.31,212.276,76.9969,11.5177,93.2223,2.01762
"E10000011",2011,"SE","SC",1139.19,183.671,53.5854,39.5645,70.866,2.14328
"E10000011",2012,"SE","SC",1020.1,202.245,77.239,39.0486,85.5997,2.08763
"E10000011",2013,"SE","SC",1077.21,182.168,54.889,45.3194,79.9496,2.29969
"E10000012",2009,"EE","SC",1198.25,224.157,36.8729,16.5657,52.1082,0.448629
"E10000012",2010,"EE","SC",1045.12,239.516,40.4377,15.7807,59.2725,0.286006
"E10000012",2011,"EE","SC",1065.68,217.453,33.3686,11.5804,52.8846,0.75613
"E10000012",2012,"EE","SC",947.075,216.584,33.456,16.3461,51.0307,1.33229
"E10000012",2013,"EE","SC",940.566,214.866,31.4888,11.7955,52.1662,0.932207
"E10000013",2009,"SW","SC",1003.89,234.715,46.0641,0.246171,62.9058,2.05643
"E10000013",2010,"SW","SC",942.544,223.483,45.4701,18.4683,75.959,1.79622
"E10000013",2011,"SW","SC",917.779,218.569,42.4358,25.2462,66.8287,1.5718
"E10000013",2012,"SW","SC",964.317,209.356,41.8807,23.6026,66.3053,1.81906
"E10000013",2013,"SW","SC",972.084,198.761,45.6466,28.0349,59.0138,4.07714
"E10000014",2009,"SE","SC",1032.85,132.376,22.4527,13.9695,50.8172,1.00398
"E10000014",2010,"SE","SC",982.516,136.451,22.5117,12.5633,52.6292,0.944547
"E10000014",2011,"SE","SC",925.865,145.105,22.9366,13.4195,53.869,0.915738
"E10000014",2012,"SE","SC",899.86,151.443,21.8324,14.9325,46.3264,0.916535
"E10000014",2013,"SE","SC",865.083,156.188,21.1192,5.75898,49.7643,0.879595
"E10000015",2009,"EE","SC",1411.33,217.705,51.1661,5.57389,75.0312,0.41879
"E10000015",2010,"EE","SC",1375.29,181.322,50.8398,4.70789,70.0386,0.278299
"E10000015",2011,"EE","SC",1395.56,261.804,49.4564,11.3706,65.795,0.367096
"E10000015",2012,"EE","SC",1347.88,251.308,50.4851,7.64723,58.4861,0.372358
"E10000015",2013,"EE","SC",1301.11,248.14,41.0312,4.95276,59.8877,0.37273
"E10000016",2009,"SE","SC",1122.32,159.156,37.8554,17.1759,52.3068,2.19834
"E10000016",2010,"SE","SC",1082.78,174.166,30.5325,0,49.9148,2.35621
"E10000016",2011,"SE","SC",932.093,172.993,28.1449,0.154043,47.9134,0.636317
"E10000016",2012,"SE","SC",901.898,165.249,27.6484,21.6797,50.2666,0.536251
"E10000016",2013,"SE","SC",895.679,169.856,28.5062,0,52.0681,1.59031
"E10000017",2009,"NW","SC",1152.51,164.894,58.4649,23.4582,64.2414,0.652798
"E10000017",2010,"NW","SC",1148.47,164.732,56.7959,26.1512,65.9827,0.569085
"E10000017",2011,"NW","SC",1071.84,207.777,53.8274,20.0437,62.7379,0.698641
"E10000017",2012,"NW","SC",962.703,199.539,54.0918,34.1784,61.4892,0.834884
"E10000017",2013,"NW","SC",944.634,200.476,54.4135,24.574,63.8101,0.786492
"E10000018",2009,"EM","SC",996.583,149.432,27.5393,7.74714,38.1917,0.709973
"E10000018",2010,"EM","SC",878.92,144.457,27.783,8.91118,57.2691,0.680162
"E10000018",2011,"EM","SC",821.342,158.014,28.7798,8.04463,46.0592,0.665189
"E10000018",2012,"EM","SC",812.787,166.277,28.4695,9.11535,48.9547,0.685827
"E10000018",2013,"EM","SC",807.595,173.197,31.1863,6.30036,54.5047,0.810263
"E10000019",2009,"EM","SC",1043.95,160.904,43.2209,26.3114,49.83,11.3139
"E10000019",2010,"EM","SC",1042.84,160.723,43.6033,25.6458,51.4953,2.4369
"E10000019",2011,"EM","SC",941.08,142.509,35.3396,19.8486,44.7852,3.52712
"E10000019",2012,"EM","SC",868.761,143.677,32.8012,24.1201,47.5927,3.50095
"E10000019",2013,"EM","SC",807.164,141.792,30.4605,6.37717,47.5411,0.69478
"E10000020",2009,"EE","SC",982.192,305.147,67.1509,71.9049,75.6867,0.587269
"E10000020",2010,"EE","SC",972.06,310.868,67.4709,29.5377,67.473,0.580526
"E10000020",2011,"EE","SC",785.316,230.627,83.8574,59.2863,72.404,0.576671
"E10000020",2012,"EE","SC",942.037,227.845,51.345,35.729,69.1547,0.647368
"E10000020",2013,"EE","SC",1015.41,207.245,43.2171,36.9956,64.3744,1.39708
"E10000021",2009,"EM","SC",1058.71,127.24,56.9535,28.1719,49.7682,0.0531307
"E10000021",2010,"EM","SC",1148.38,136.011,57.6585,24.2982,55.3164,0.103765
"E10000021",2011,"EM","SC",1103.25,126.417,50.9937,20.6282,53.8131,0.0749588
"E10000021",2012,"EM","SC",1085.6,115.302,44.3653,14.8981,60.4454,0.293147
"E10000021",2013,"EM","SC",1020.9,112.005,39.5171,11.104,58.7463,0.0141183
"E10000023",2009,"YH","SC",995.694,160.584,23.5933,3.99943,51.1375,0.946036
"E10000023",2010,"YH","SC",936.056,161.642,22.5994,3.49369,45.1752,0.870462
"E10000023",2011,"YH","SC",876.624,169.919,21.3624,2.43626,44.2365,0.96811
"E10000023",2012,"YH","SC",796.824,164.606,22.9882,6.06002,44.0161,1.03506
"E10000023",2013,"YH","SC",799.083,165.103,24.4346,10.3805,45.1035,1.83101
"E10000024",2009,"EM","SC",1152.88,194.819,39.2341,43.181,62.2101,1.50935
"E10000024",2010,"EM","SC",1110.31,220.534,35.6359,46.4584,66.7293,1.3718
"E10000024",2011,"EM","SC",1111.22,209.757,28.8929,26.704,59.0892,0.701484
"E10000024",2012,"EM","SC",1113.71,201.544,45.8869,5.43673,60.9984,2.77402
"E10000024",2013,"EM","SC",1095.44,224.469,26.5667,11.5446,61.6078,0.462121
"E10000025",2009,"SE","SC",1263.3,121.295,37.4173,4.12029,44.845,1.07058
"E10000025",2010,"SE","SC",1221.8,130.333,30.9265,3.77399,40.8414,0.905344
"E10000025",2011,"SE","SC",1135.1,171.345,28.4602,3.2518,42.4199,0.922226
"E10000025",2012,"SE","SC",1079.15,174.815,26.929,1.7166,41.74,0.894322
"E10000025",2013,"SE","SC",1115.9,192.024,26.8688,1.36314,44.5285,0.548193
"E10000027",2009,"SW","SC",1122.15,219.419,37.7257,17.8287,54.5622,0.436721
"E10000027",2010,"SW","SC",1077.3,220.419,36.7604,18.0586,54.3434,0.431107
"E10000027",2011,"SW","SC",982.431,212.701,38.5095,18.4807,49.3165,0.41307
"E10000027",2012,"SW","SC",944.544,233.577,39.4071,16.4083,49.3774,0.388067
"E10000027",2013,"SW","SC",834.123,243.622,36.4867,32.9742,43.8497,0.597442
"E10000028",2009,"WM","SC",1067.24,167.758,31.6718,27.0319,44.8133,4.06199
"E10000028",2010,"WM","SC",1095.08,170.709,30.69,27.9862,41.7049,5.28504
"E10000028",2011,"WM","SC",1048.88,187.807,33.4291,35.6701,40.777,3.30245
"E10000028",2012,"WM","SC",1078,178.511,31.4975,39.5976,42.6662,6.97076
"E10000028",2013,"WM","SC",1016.79,188.903,30.3402,26.3628,47.446,1.23949
"E10000029",2009,"EE","SC",1145.03,150.586,39.5998,17.3333,63.7305,1.12154
"E10000029",2010,"EE","SC",1001.01,161.61,40.5201,21.116,58.4336,1.06256
"E10000029",2011,"EE","SC",922.103,175.816,40.9763,4.05622,63.0099,0.861797
"E10000029",2012,"EE","SC",909.251,180.046,36.4137,3.51117,59.8838,0.911899
"E10000029",2013,"EE","SC",960.228,181.349,37.7038,0.161239,59.0917,0.860731
"E10000030",2009,"SE","SC",1060.02,205.049,31.7589,1.7081,65.4364,0.322939
"E10000030",2010,"SE","SC",1072.94,202.994,28.7541,2.01532,60.9393,0.275166
"E10000030",2011,"SE","SC",1065.73,195.321,28.2722,1.78253,62.5043,0.460298
"E10000030",2012,"SE","SC",1073.08,204.101,30.9194,1.87701,65.0483,0.298244
"E10000030",2013,"SE","SC",1066.16,207.905,36.0842,0.974971,68.2977,0.374764
"E10000031",2009,"WM","SC",1098.63,132.502,27.0948,11.2497,58.0492,1.25534
"E10000031",2010,"WM","SC",1062.32,165.973,25.7155,11.4333,56.0948,1.16989
"E10000031",2011,"WM","SC",941.935,162.401,26.4009,30.4238,43.8967,0
"E10000031",2012,"WM","SC",877.476,161.416,22.9086,17.7327,46.3237,0
"E10000031",2013,"WM","SC",852.684,169.131,22.031,1.0137,50.35,0
"E10000032",2009,"SE","SC",1033.03,191.344,24.07,15.5535,51.1838,0.600948
"E10000032",2010,"SE","SC",1008.76,185.503,23.1511,16.2296,49.0949,0.771778
"E10000032",2011,"SE","SC",880.15,205.48,25.4976,28.398,44.6635,0.131138
"E10000032",2012,"SE","SC",966.689,131.341,44.7888,19.8824,43.4421,1.15026
"E10000032",2013,"SE","SC",1020.12,114.855,44.8993,0.0895469,41.0743,0.194018
"E10000034",2009,"WM","SC",1099.75,175.996,34.212,1.70649,46.0878,0.93081
"E10000034",2010,"WM","SC",1044.92,166.525,34.785,5.29094,44.9482,2.40666
"E10000034",2011,"WM","SC",875.875,169.968,37.3857,4.78709,46.454,1.42303
"E10000034",2012,"WM","SC",865.927,168.363,34.4197,0.102502,42.8942,3.0811
"E10000034",2013,"WM","SC",947.417,164.576,36.867,3.26333,41.9785,1.41819
